{"stats":{"minecraft:picked_up":{"minecraft:rotten_flesh":2,"minecraft:dirt":15},"minecraft:custom":{"minecraft:jump":21,"minecraft:time_since_rest":315,"minecraft:damage_dealt":14,"minecraft:deaths":1,"minecraft:play_time":2698,"minecraft:leave_game":4,"minecraft:sprint_one_cm":3720,"minecraft:damage_taken":303,"minecraft:time_since_death":275,"minecraft:walk_one_cm":3192,"minecraft:total_world_time":2698,"minecraft:mob_kills":1,"minecraft:fall_one_cm":756,"minecraft:fly_one_cm":819},"minecraft:mined":{"minecraft:birch_log":1}},"DataVersion":3953}