{"stats":{"minecraft:picked_up":{"minecraft:oak_log":5,"minecraft:rotten_flesh":2,"minecraft:dirt":15},"minecraft:custom":{"minecraft:jump":86,"minecraft:time_since_rest":4345,"minecraft:walk_one_cm":8634,"minecraft:leave_game":10,"minecraft:damage_dealt":14,"minecraft:crouch_one_cm":113,"minecraft:sprint_one_cm":11405,"minecraft:play_time":7967,"minecraft:time_since_death":4053,"minecraft:deaths":2,"minecraft:sneak_time":327,"minecraft:total_world_time":7967,"minecraft:mob_kills":1,"minecraft:fall_one_cm":2829,"minecraft:fly_one_cm":4778,"minecraft:damage_taken":583},"minecraft:killed_by":{"minecraft:player":1},"minecraft:mined":{"minecraft:birch_log":1,"minecraft:short_grass":2,"minecraft:oak_log":5}},"DataVersion":3953}