{"stats":{"minecraft:crafted":{"minecraft:oak_planks":56,"minecraft:cooked_chicken":11,"minecraft:furnace":2,"minecraft:cooked_mutton":7,"minecraft:chest":2,"minecraft:wheat":189,"minecraft:cooked_beef":12,"minecraft:cooked_porkchop":1,"minecraft:crafting_table":2,"minecraft:wooden_pickaxe":1,"minecraft:bread":63,"minecraft:oak_boat":1,"minecraft:diamond_pickaxe":1,"minecraft:shield":1,"minecraft:stick":36,"minecraft:iron_ingot":20,"minecraft:iron_pickaxe":3,"minecraft:iron_shovel":1,"minecraft:redstone_torch":3,"minecraft:torch":112},"minecraft:dropped":{"minecraft:bread":116,"minecraft:iron_ingot":22,"minecraft:wheat_seeds":26,"minecraft:cooked_beef":6,"minecraft:oak_log":148,"minecraft:glass_bottle":1,"minecraft:decorated_pot":4,"minecraft:oak_fence":6,"minecraft:feather":8,"minecraft:iron_helmet":3,"minecraft:cobblestone":36,"minecraft:waxed_copper_grate":6,"minecraft:honeycomb":6,"minecraft:coal":21,"minecraft:stick":22,"minecraft:light_weighted_pressure_plate":1,"minecraft:dirt":261,"minecraft:waxed_oxidized_chiseled_copper":1,"minecraft:torch":32,"minecraft:waxed_weathered_copper_bulb":1,"minecraft:snowball":6,"minecraft:waxed_oxidized_copper":3,"minecraft:iron_pickaxe":1,"minecraft:string":4,"minecraft:birch_log":6,"minecraft:bone":16,"minecraft:redstone":16,"minecraft:waxed_cut_copper_slab":1,"minecraft:furnace":1,"minecraft:stone_axe":4,"minecraft:tuff_bricks":11,"minecraft:stone_sword":11,"minecraft:chiseled_tuff_bricks":4,"minecraft:cobbled_deepslate":56,"minecraft:tuff":31,"minecraft:rotten_flesh":20,"minecraft:oak_planks":109,"minecraft:iron_boots":3,"minecraft:white_bed":1,"minecraft:waxed_copper_block":2,"minecraft:tipped_arrow":2,"minecraft:hay_block":6,"minecraft:shield":2,"minecraft:gunpowder":7,"minecraft:trial_key":2,"minecraft:waxed_cut_copper":1,"minecraft:iron_chestplate":6,"minecraft:oak_sapling":6,"minecraft:oak_boat":2,"minecraft:bow":1,"minecraft:arrow":51,"minecraft:stone_pickaxe":5,"minecraft:wooden_pickaxe":3,"minecraft:calcite":1,"minecraft:waxed_oxidized_copper_grate":2,"minecraft:brick":14},"minecraft:broken":{"minecraft:iron_shovel":1,"minecraft:golden_shovel":1,"minecraft:stone_hoe":1,"minecraft:iron_axe":1,"minecraft:iron_pickaxe":1},"minecraft:picked_up":{"minecraft:iron_chestplate":12,"minecraft:crafting_table":4,"minecraft:ominous_bottle":4,"minecraft:chicken":16,"minecraft:wooden_pickaxe":2,"minecraft:gold_block":1,"minecraft:enchanted_book":1,"minecraft:potion":2,"minecraft:brick":14,"minecraft:shield":8,"minecraft:wind_charge":43,"minecraft:string":4,"minecraft:waxed_cut_copper_slab":1,"minecraft:iron_axe":1,"minecraft:iron_leggings":5,"minecraft:cobbled_deepslate":246,"minecraft:bucket":1,"minecraft:beef":22,"minecraft:trial_key":14,"minecraft:oak_boat":1,"minecraft:redstone_torch":1,"minecraft:calcite":4,"minecraft:iron_pickaxe":8,"minecraft:chest":1,"minecraft:waxed_oxidized_copper":3,"minecraft:iron_boots":4,"minecraft:furnace":2,"minecraft:tipped_arrow":11,"minecraft:stick":63,"minecraft:raw_iron":51,"minecraft:oak_fence":6,"minecraft:torch":24,"minecraft:porkchop":2,"minecraft:flow_pottery_sherd":4,"minecraft:waxed_weathered_copper_bulb":2,"minecraft:waxed_copper_grate":23,"minecraft:redstone":83,"minecraft:waxed_oxidized_chiseled_copper":1,"minecraft:rotten_flesh":35,"minecraft:stone_sword":16,"minecraft:arrow":73,"minecraft:diamond_chestplate":1,"minecraft:decorated_pot":5,"minecraft:hay_block":28,"minecraft:saddle":3,"minecraft:obsidian":13,"minecraft:waxed_cut_copper":1,"minecraft:tuff_bricks":46,"minecraft:birch_log":6,"minecraft:mutton":11,"minecraft:cobblestone":73,"minecraft:snowball":12,"minecraft:white_wool":4,"minecraft:stripped_oak_log":5,"minecraft:magma_block":5,"minecraft:feather":7,"minecraft:cooked_beef":23,"minecraft:golden_carrot":6,"minecraft:water_bucket":3,"minecraft:leather":63,"minecraft:waxed_copper_bulb":2,"minecraft:tuff":40,"minecraft:oak_log":157,"minecraft:waxed_copper_block":3,"minecraft:yellow_bed":3,"minecraft:gunpowder":42,"minecraft:lapis_lazuli":139,"minecraft:dirt":296,"minecraft:name_tag":1,"minecraft:leather_boots":1,"minecraft:bone":37,"minecraft:bow":2,"minecraft:wheat_seeds":44,"minecraft:raw_gold":29,"minecraft:iron_ingot":17,"minecraft:stone_pickaxe":5,"minecraft:cooked_chicken":23,"minecraft:bolt_armor_trim_smithing_template":1,"minecraft:glass_bottle":1,"minecraft:iron_sword":1,"minecraft:stone_hoe":1,"minecraft:honeycomb":3,"minecraft:oak_planks":207,"minecraft:scrape_pottery_sherd":2,"minecraft:dandelion":1,"minecraft:crying_obsidian":1,"minecraft:white_bed":3,"minecraft:polished_tuff":3,"minecraft:spider_eye":1,"minecraft:leather_helmet":1,"minecraft:slime_ball":1,"minecraft:diamond":6,"minecraft:stone_axe":7,"minecraft:waxed_oxidized_copper_grate":10,"minecraft:iron_helmet":5,"minecraft:breeze_rod":7,"minecraft:emerald":53,"minecraft:bread":508,"minecraft:netherrack":7,"minecraft:baked_potato":2,"minecraft:oak_sapling":6,"minecraft:coal":147,"minecraft:chiseled_tuff_bricks":11},"minecraft:used":{"minecraft:tuff_bricks":32,"minecraft:stone_sword":51,"minecraft:iron_shovel":251,"minecraft:decorated_pot":1,"minecraft:chest":3,"minecraft:shield":131,"minecraft:iron_sword":178,"minecraft:netherrack":6,"minecraft:stone_hoe":132,"minecraft:cooked_chicken":9,"minecraft:trial_key":6,"minecraft:iron_chestplate":3,"minecraft:torch":64,"minecraft:dirt":20,"minecraft:mutton":6,"minecraft:waxed_copper_grate":5,"minecraft:golden_shovel":32,"minecraft:obsidian":13,"minecraft:waxed_oxidized_copper_grate":2,"minecraft:iron_axe":237,"minecraft:magma_block":3,"minecraft:golden_carrot":1,"minecraft:bow":6,"minecraft:beef":4,"minecraft:hay_block":1,"minecraft:furnace":3,"minecraft:cooked_beef":5,"minecraft:cobbled_deepslate":67,"minecraft:iron_leggings":2,"minecraft:calcite":3,"minecraft:cooked_mutton":7,"minecraft:water_bucket":15,"minecraft:baked_potato":2,"minecraft:stone_pickaxe":55,"minecraft:oak_planks":9,"minecraft:wooden_pickaxe":12,"minecraft:waxed_copper_block":1,"minecraft:crafting_table":5,"minecraft:white_bed":2,"minecraft:polished_tuff":3,"minecraft:redstone_torch":3,"minecraft:diamond_pickaxe":29,"minecraft:wind_charge":43,"minecraft:bread":39,"minecraft:chicken":1,"minecraft:iron_pickaxe":321,"minecraft:stone_axe":58,"minecraft:chiseled_tuff_bricks":3,"minecraft:fire_charge":1,"minecraft:cobblestone":13,"minecraft:cooked_porkchop":1,"minecraft:porkchop":1,"minecraft:bucket":13,"minecraft:yellow_bed":3,"minecraft:waxed_copper_bulb":2},"minecraft:mined":{"minecraft:crying_obsidian":1,"minecraft:tuff":11,"minecraft:white_bed":1,"minecraft:mossy_cobblestone":1,"minecraft:deepslate_diamond_ore":3,"minecraft:sculk_vein":19,"minecraft:obsidian":13,"minecraft:waxed_oxidized_chiseled_copper":1,"minecraft:grass_block":104,"minecraft:decorated_pot":11,"minecraft:chiseled_tuff_bricks":13,"minecraft:tuff_bricks":77,"minecraft:hay_block":26,"minecraft:magma_block":5,"minecraft:waxed_oxidized_cut_copper":1,"minecraft:furnace":3,"minecraft:waxed_copper_grate":13,"minecraft:iron_ore":13,"minecraft:cobbled_deepslate":1,"minecraft:polished_tuff":9,"minecraft:deepslate_lapis_ore":8,"minecraft:gold_block":1,"minecraft:deepslate_iron_ore":20,"minecraft:stripped_oak_log":5,"minecraft:stone":57,"minecraft:deepslate_redstone_ore":4,"minecraft:crafting_table":4,"minecraft:torch":2,"minecraft:short_grass":10,"minecraft:chest":1,"minecraft:cobblestone":6,"minecraft:deepslate_gold_ore":9,"minecraft:oak_planks":4,"minecraft:wall_torch":3,"minecraft:sculk":120,"minecraft:waxed_copper_bulb":2,"minecraft:waxed_oxidized_copper_grate":4,"minecraft:birch_log":7,"minecraft:waxed_copper_block":8,"minecraft:yellow_bed":3,"minecraft:oak_log":158,"minecraft:coal_ore":35,"minecraft:dirt":187,"minecraft:netherrack":9,"minecraft:oak_leaves":60,"minecraft:deepslate":78},"minecraft:custom":{"minecraft:mob_kills":81,"minecraft:interact_with_crafting_table":24,"minecraft:open_barrel":2,"minecraft:leave_game":16,"minecraft:time_since_death":132685,"minecraft:climb_one_cm":7347,"minecraft:sprint_one_cm":399959,"minecraft:walk_one_cm":715807,"minecraft:damage_blocked_by_shield":3719,"minecraft:drop":255,"minecraft:talked_to_villager":1,"minecraft:play_time":240131,"minecraft:deaths":7,"minecraft:sneak_time":31437,"minecraft:walk_under_water_one_cm":30279,"minecraft:boat_one_cm":29616,"minecraft:jump":2974,"minecraft:interact_with_blast_furnace":15,"minecraft:walk_on_water_one_cm":33291,"minecraft:total_world_time":240131,"minecraft:interact_with_furnace":42,"minecraft:sleep_in_bed":5,"minecraft:time_since_rest":33079,"minecraft:damage_taken":5541,"minecraft:damage_dealt":8243,"minecraft:player_kills":1,"minecraft:swim_one_cm":14697,"minecraft:fly_one_cm":189318,"minecraft:open_chest":36,"minecraft:crouch_one_cm":73661,"minecraft:fall_one_cm":74399,"minecraft:inspect_dispenser":6},"minecraft:killed_by":{"minecraft:husk":4,"minecraft:player":1,"minecraft:creeper":1},"minecraft:killed":{"minecraft:slime":24,"minecraft:skeleton":1,"minecraft:chicken":10,"minecraft:drowned":14,"minecraft:husk":5,"minecraft:pig":1,"minecraft:zombie_villager":1,"minecraft:sheep":4,"minecraft:zombie":4,"minecraft:stray":7,"minecraft:breeze":3,"minecraft:cow":5}},"DataVersion":3953}