{"stats":{"minecraft:crafted":{"minecraft:oak_planks":36,"minecraft:cooked_chicken":11,"minecraft:furnace":2,"minecraft:cooked_mutton":7,"minecraft:wheat":189,"minecraft:cooked_beef":12,"minecraft:cooked_porkchop":1,"minecraft:crafting_table":2,"minecraft:wooden_pickaxe":1,"minecraft:bread":63,"minecraft:oak_boat":1,"minecraft:shield":1,"minecraft:stick":24,"minecraft:iron_ingot":20,"minecraft:iron_pickaxe":3,"minecraft:redstone_torch":3,"minecraft:torch":88},"minecraft:dropped":{"minecraft:bread":116,"minecraft:iron_ingot":22,"minecraft:wheat_seeds":25,"minecraft:cooked_beef":6,"minecraft:glass_bottle":1,"minecraft:decorated_pot":4,"minecraft:oak_fence":6,"minecraft:feather":8,"minecraft:iron_helmet":3,"minecraft:cobblestone":11,"minecraft:waxed_copper_grate":6,"minecraft:honeycomb":6,"minecraft:coal":21,"minecraft:stick":12,"minecraft:light_weighted_pressure_plate":1,"minecraft:dirt":6,"minecraft:waxed_oxidized_chiseled_copper":1,"minecraft:torch":32,"minecraft:waxed_weathered_copper_bulb":1,"minecraft:snowball":6,"minecraft:waxed_oxidized_copper":3,"minecraft:iron_pickaxe":1,"minecraft:string":4,"minecraft:bone":16,"minecraft:redstone":16,"minecraft:waxed_cut_copper_slab":1,"minecraft:furnace":1,"minecraft:stone_axe":4,"minecraft:tuff_bricks":11,"minecraft:stone_sword":11,"minecraft:chiseled_tuff_bricks":4,"minecraft:cobbled_deepslate":24,"minecraft:tuff":31,"minecraft:rotten_flesh":20,"minecraft:oak_planks":109,"minecraft:iron_boots":3,"minecraft:white_bed":1,"minecraft:waxed_copper_block":2,"minecraft:tipped_arrow":2,"minecraft:hay_block":6,"minecraft:shield":2,"minecraft:gunpowder":7,"minecraft:trial_key":2,"minecraft:waxed_cut_copper":1,"minecraft:iron_chestplate":6,"minecraft:oak_boat":2,"minecraft:bow":1,"minecraft:arrow":51,"minecraft:stone_pickaxe":5,"minecraft:wooden_pickaxe":3,"minecraft:calcite":1,"minecraft:waxed_oxidized_copper_grate":2,"minecraft:brick":14},"minecraft:broken":{"minecraft:stone_hoe":1,"minecraft:iron_pickaxe":1},"minecraft:picked_up":{"minecraft:iron_chestplate":12,"minecraft:crafting_table":4,"minecraft:ominous_bottle":3,"minecraft:chicken":16,"minecraft:wooden_pickaxe":2,"minecraft:enchanted_book":1,"minecraft:potion":2,"minecraft:brick":14,"minecraft:shield":8,"minecraft:wind_charge":43,"minecraft:string":4,"minecraft:waxed_cut_copper_slab":1,"minecraft:iron_axe":1,"minecraft:iron_leggings":5,"minecraft:cobbled_deepslate":246,"minecraft:bucket":1,"minecraft:beef":22,"minecraft:trial_key":13,"minecraft:oak_boat":1,"minecraft:redstone_torch":1,"minecraft:calcite":4,"minecraft:iron_pickaxe":8,"minecraft:waxed_oxidized_copper":3,"minecraft:iron_boots":4,"minecraft:furnace":2,"minecraft:tipped_arrow":11,"minecraft:stick":59,"minecraft:raw_iron":39,"minecraft:oak_fence":6,"minecraft:torch":22,"minecraft:porkchop":2,"minecraft:flow_pottery_sherd":4,"minecraft:waxed_weathered_copper_bulb":2,"minecraft:waxed_copper_grate":23,"minecraft:redstone":83,"minecraft:waxed_oxidized_chiseled_copper":1,"minecraft:rotten_flesh":34,"minecraft:stone_sword":16,"minecraft:arrow":73,"minecraft:diamond_chestplate":1,"minecraft:decorated_pot":5,"minecraft:hay_block":28,"minecraft:saddle":3,"minecraft:waxed_cut_copper":1,"minecraft:tuff_bricks":46,"minecraft:mutton":11,"minecraft:cobblestone":71,"minecraft:snowball":12,"minecraft:white_wool":4,"minecraft:feather":7,"minecraft:cooked_beef":23,"minecraft:golden_carrot":6,"minecraft:water_bucket":3,"minecraft:leather":63,"minecraft:waxed_copper_bulb":2,"minecraft:tuff":40,"minecraft:oak_log":9,"minecraft:waxed_copper_block":3,"minecraft:yellow_bed":2,"minecraft:gunpowder":42,"minecraft:lapis_lazuli":139,"minecraft:dirt":22,"minecraft:name_tag":1,"minecraft:leather_boots":1,"minecraft:bone":37,"minecraft:bow":1,"minecraft:wheat_seeds":43,"minecraft:raw_gold":29,"minecraft:iron_ingot":17,"minecraft:stone_pickaxe":5,"minecraft:cooked_chicken":22,"minecraft:bolt_armor_trim_smithing_template":1,"minecraft:glass_bottle":1,"minecraft:iron_sword":1,"minecraft:stone_hoe":1,"minecraft:honeycomb":3,"minecraft:oak_planks":206,"minecraft:scrape_pottery_sherd":2,"minecraft:white_bed":2,"minecraft:polished_tuff":3,"minecraft:spider_eye":1,"minecraft:leather_helmet":1,"minecraft:slime_ball":1,"minecraft:diamond":6,"minecraft:stone_axe":7,"minecraft:waxed_oxidized_copper_grate":10,"minecraft:iron_helmet":5,"minecraft:breeze_rod":7,"minecraft:emerald":53,"minecraft:bread":505,"minecraft:coal":147,"minecraft:chiseled_tuff_bricks":11},"minecraft:used":{"minecraft:tuff_bricks":32,"minecraft:stone_sword":51,"minecraft:decorated_pot":1,"minecraft:shield":131,"minecraft:iron_sword":162,"minecraft:stone_hoe":132,"minecraft:cooked_chicken":8,"minecraft:trial_key":5,"minecraft:iron_chestplate":3,"minecraft:torch":41,"minecraft:dirt":1,"minecraft:mutton":6,"minecraft:waxed_copper_grate":5,"minecraft:waxed_oxidized_copper_grate":2,"minecraft:iron_axe":18,"minecraft:golden_carrot":1,"minecraft:beef":4,"minecraft:hay_block":1,"minecraft:furnace":3,"minecraft:cooked_beef":5,"minecraft:cobbled_deepslate":67,"minecraft:iron_leggings":2,"minecraft:calcite":3,"minecraft:cooked_mutton":7,"minecraft:water_bucket":7,"minecraft:stone_pickaxe":55,"minecraft:oak_planks":8,"minecraft:wooden_pickaxe":12,"minecraft:waxed_copper_block":1,"minecraft:crafting_table":5,"minecraft:white_bed":1,"minecraft:polished_tuff":3,"minecraft:redstone_torch":3,"minecraft:wind_charge":43,"minecraft:bread":31,"minecraft:chicken":1,"minecraft:iron_pickaxe":306,"minecraft:stone_axe":58,"minecraft:chiseled_tuff_bricks":3,"minecraft:cobblestone":11,"minecraft:cooked_porkchop":1,"minecraft:porkchop":1,"minecraft:bucket":5,"minecraft:yellow_bed":2,"minecraft:waxed_copper_bulb":2},"minecraft:mined":{"minecraft:tuff":11,"minecraft:mossy_cobblestone":1,"minecraft:deepslate_diamond_ore":3,"minecraft:sculk_vein":19,"minecraft:waxed_oxidized_chiseled_copper":1,"minecraft:grass_block":1,"minecraft:decorated_pot":11,"minecraft:chiseled_tuff_bricks":13,"minecraft:tuff_bricks":77,"minecraft:hay_block":26,"minecraft:waxed_oxidized_cut_copper":1,"minecraft:furnace":3,"minecraft:waxed_copper_grate":13,"minecraft:cobbled_deepslate":1,"minecraft:polished_tuff":9,"minecraft:deepslate_lapis_ore":8,"minecraft:deepslate_iron_ore":20,"minecraft:stone":57,"minecraft:deepslate_redstone_ore":4,"minecraft:crafting_table":4,"minecraft:torch":2,"minecraft:short_grass":7,"minecraft:cobblestone":4,"minecraft:deepslate_gold_ore":9,"minecraft:oak_planks":3,"minecraft:wall_torch":3,"minecraft:sculk":120,"minecraft:waxed_copper_bulb":2,"minecraft:waxed_oxidized_copper_grate":4,"minecraft:birch_log":1,"minecraft:waxed_copper_block":8,"minecraft:yellow_bed":2,"minecraft:oak_log":9,"minecraft:coal_ore":35,"minecraft:oak_leaves":6,"minecraft:deepslate":78},"minecraft:custom":{"minecraft:mob_kills":79,"minecraft:interact_with_crafting_table":18,"minecraft:open_barrel":2,"minecraft:leave_game":15,"minecraft:time_since_death":85885,"minecraft:climb_one_cm":7347,"minecraft:sprint_one_cm":328522,"minecraft:walk_one_cm":561921,"minecraft:damage_blocked_by_shield":3719,"minecraft:drop":238,"minecraft:talked_to_villager":1,"minecraft:play_time":193331,"minecraft:deaths":7,"minecraft:sneak_time":30691,"minecraft:walk_under_water_one_cm":16148,"minecraft:boat_one_cm":29616,"minecraft:jump":2230,"minecraft:interact_with_blast_furnace":15,"minecraft:walk_on_water_one_cm":21115,"minecraft:total_world_time":193331,"minecraft:interact_with_furnace":41,"minecraft:sleep_in_bed":4,"minecraft:time_since_rest":75630,"minecraft:damage_taken":5239,"minecraft:damage_dealt":8043,"minecraft:player_kills":1,"minecraft:swim_one_cm":10102,"minecraft:fly_one_cm":127080,"minecraft:open_chest":19,"minecraft:crouch_one_cm":72686,"minecraft:fall_one_cm":61543,"minecraft:inspect_dispenser":6},"minecraft:killed_by":{"minecraft:husk":4,"minecraft:player":1,"minecraft:creeper":1},"minecraft:killed":{"minecraft:slime":24,"minecraft:skeleton":1,"minecraft:chicken":10,"minecraft:drowned":14,"minecraft:husk":5,"minecraft:pig":1,"minecraft:zombie_villager":1,"minecraft:sheep":4,"minecraft:zombie":2,"minecraft:stray":7,"minecraft:breeze":3,"minecraft:cow":5}},"DataVersion":3953}