{"stats":{"minecraft:killed_by":{"minecraft:creeper":1,"minecraft:husk":4,"minecraft:player":1},"minecraft:picked_up":{"minecraft:iron_chestplate":12,"minecraft:potion":2,"minecraft:enchanted_book":1,"minecraft:golden_sword":1,"minecraft:string":4,"minecraft:waxed_cut_copper_slab":1,"minecraft:iron_leggings":5,"minecraft:cobbled_deepslate":260,"minecraft:bucket":1,"minecraft:trial_key":14,"minecraft:redstone_torch":1,"minecraft:calcite":4,"minecraft:iron_pickaxe":9,"minecraft:melon_slice":84,"minecraft:furnace":5,"minecraft:iron_boots":6,"minecraft:tipped_arrow":11,"minecraft:stick":66,"minecraft:acacia_fence":1,"minecraft:oak_fence":6,"minecraft:torch":58,"minecraft:porkchop":48,"minecraft:waxed_weathered_copper_bulb":2,"minecraft:pointed_dripstone":2,"minecraft:waxed_copper_grate":23,"minecraft:orange_bed":4,"minecraft:stone_sword":16,"minecraft:rotten_flesh":39,"minecraft:waxed_cut_copper":1,"minecraft:obsidian":17,"minecraft:snowball":12,"minecraft:cobblestone":171,"minecraft:birch_log":6,"minecraft:magma_block":7,"minecraft:leather_chestplate":1,"minecraft:feather":19,"minecraft:cooked_beef":23,"minecraft:water_bucket":3,"minecraft:brown_wool":1,"minecraft:tuff":40,"minecraft:lapis_lazuli":139,"minecraft:dirt":346,"minecraft:name_tag":1,"minecraft:leather_boots":1,"minecraft:bone":42,"minecraft:bow":2,"minecraft:wheat_seeds":69,"minecraft:raw_gold":29,"minecraft:bolt_armor_trim_smithing_template":1,"minecraft:scrape_pottery_sherd":2,"minecraft:oak_planks":209,"minecraft:honeycomb":3,"minecraft:stone_hoe":1,"minecraft:sand":15,"minecraft:diamond":6,"minecraft:waxed_oxidized_copper_grate":10,"minecraft:breeze_rod":7,"minecraft:granite":13,"minecraft:emerald":53,"minecraft:bread":540,"minecraft:oak_sapling":6,"minecraft:netherrack":8,"minecraft:diamond_pickaxe":1,"minecraft:crafting_table":4,"minecraft:ominous_bottle":4,"minecraft:chicken":32,"minecraft:ladder":1,"minecraft:leather_leggings":1,"minecraft:wooden_pickaxe":2,"minecraft:gold_block":2,"minecraft:shield":8,"minecraft:brick":14,"minecraft:wind_charge":43,"minecraft:iron_axe":1,"minecraft:beef":72,"minecraft:oak_boat":1,"minecraft:poppy":1,"minecraft:light_gray_wool":2,"minecraft:sugar_cane":15,"minecraft:chest":1,"minecraft:waxed_oxidized_copper":3,"minecraft:raw_iron":84,"minecraft:flow_pottery_sherd":4,"minecraft:redstone":83,"minecraft:waxed_oxidized_chiseled_copper":1,"minecraft:arrow":77,"minecraft:diamond_chestplate":1,"minecraft:decorated_pot":5,"minecraft:hay_block":137,"minecraft:saddle":3,"minecraft:tuff_bricks":46,"minecraft:mutton":37,"minecraft:white_wool":17,"minecraft:stripped_oak_log":5,"minecraft:golden_carrot":6,"minecraft:leather":83,"minecraft:waxed_copper_bulb":2,"minecraft:oak_log":157,"minecraft:waxed_copper_block":3,"minecraft:yellow_bed":3,"minecraft:gunpowder":42,"minecraft:iron_ingot":85,"minecraft:stone_pickaxe":5,"minecraft:cooked_chicken":28,"minecraft:glass_bottle":1,"minecraft:iron_sword":2,"minecraft:dandelion":2,"minecraft:white_bed":3,"minecraft:crying_obsidian":1,"minecraft:spider_eye":1,"minecraft:polished_tuff":3,"minecraft:leather_helmet":1,"minecraft:slime_ball":1,"minecraft:stone_axe":7,"minecraft:iron_helmet":6,"minecraft:gray_wool":1,"minecraft:baked_potato":2,"minecraft:black_wool":3,"minecraft:coal":309,"minecraft:chiseled_tuff_bricks":11},"minecraft:killed":{"minecraft:skeleton":4,"minecraft:chicken":20,"minecraft:pig":22,"minecraft:zombie_villager":1,"minecraft:sheep":24,"minecraft:zombie":5,"minecraft:stray":7,"minecraft:cow":19,"minecraft:slime":24,"minecraft:drowned":14,"minecraft:husk":5,"minecraft:breeze":3},"minecraft:dropped":{"minecraft:porkchop":46,"minecraft:cooked_beef":6,"minecraft:oak_log":148,"minecraft:glass_bottle":1,"minecraft:decorated_pot":4,"minecraft:leather":18,"minecraft:honeycomb":6,"minecraft:light_weighted_pressure_plate":1,"minecraft:emerald":3,"minecraft:dirt":295,"minecraft:waxed_oxidized_chiseled_copper":1,"minecraft:mutton":26,"minecraft:snowball":6,"minecraft:iron_pickaxe":1,"minecraft:birch_log":6,"minecraft:white_wool":13,"minecraft:bone":21,"minecraft:waxed_cut_copper_slab":1,"minecraft:stone_axe":4,"minecraft:sugar_cane":6,"minecraft:golden_chestplate":1,"minecraft:chiseled_tuff_bricks":4,"minecraft:cobbled_deepslate":60,"minecraft:rotten_flesh":24,"minecraft:oak_planks":374,"minecraft:white_bed":1,"minecraft:waxed_copper_block":2,"minecraft:poppy":1,"minecraft:leather_chestplate":2,"minecraft:tipped_arrow":2,"minecraft:gunpowder":7,"minecraft:leather_leggings":2,"minecraft:arrow":51,"minecraft:beef":22,"minecraft:acacia_fence":1,"minecraft:iron_ingot":154,"minecraft:bread":162,"minecraft:wheat_seeds":51,"minecraft:oak_fence":6,"minecraft:iron_helmet":5,"minecraft:feather":20,"minecraft:cobblestone":124,"minecraft:waxed_copper_grate":6,"minecraft:granite":13,"minecraft:coal":152,"minecraft:stick":30,"minecraft:gray_wool":1,"minecraft:torch":33,"minecraft:waxed_weathered_copper_bulb":1,"minecraft:melon_slice":84,"minecraft:brown_wool":1,"minecraft:waxed_oxidized_copper":3,"minecraft:fire_charge":2,"minecraft:iron_leggings":1,"minecraft:oak_stairs":1,"minecraft:orange_bed":4,"minecraft:paper":3,"minecraft:string":4,"minecraft:dandelion":1,"minecraft:redstone":16,"minecraft:furnace":1,"minecraft:tuff_bricks":11,"minecraft:stone_sword":11,"minecraft:tuff":31,"minecraft:chicken":10,"minecraft:light_gray_wool":2,"minecraft:iron_boots":6,"minecraft:hay_block":115,"minecraft:shield":2,"minecraft:trial_key":2,"minecraft:waxed_cut_copper":1,"minecraft:iron_chestplate":6,"minecraft:diamond_pickaxe":1,"minecraft:oak_boat":2,"minecraft:oak_sapling":10,"minecraft:golden_sword":1,"minecraft:bow":1,"minecraft:stone_pickaxe":5,"minecraft:wooden_pickaxe":3,"minecraft:calcite":1,"minecraft:waxed_oxidized_copper_grate":2,"minecraft:black_wool":3,"minecraft:brick":14},"minecraft:used":{"minecraft:tuff_bricks":32,"minecraft:iron_shovel":251,"minecraft:ladder":1,"minecraft:decorated_pot":1,"minecraft:chest":3,"minecraft:shield":144,"minecraft:iron_sword":247,"minecraft:iron_chestplate":3,"minecraft:mutton":6,"minecraft:waxed_copper_grate":5,"minecraft:obsidian":13,"minecraft:waxed_oxidized_copper_grate":2,"minecraft:iron_helmet":15,"minecraft:magma_block":5,"minecraft:bow":80,"minecraft:hay_block":1,"minecraft:furnace":4,"minecraft:stone_pickaxe":55,"minecraft:oak_planks":134,"minecraft:wooden_pickaxe":12,"minecraft:polished_tuff":3,"minecraft:redstone_torch":3,"minecraft:bread":60,"minecraft:chiseled_tuff_bricks":3,"minecraft:fire_charge":1,"minecraft:waxed_copper_bulb":2,"minecraft:stone_sword":51,"minecraft:trial_key":6,"minecraft:stone_hoe":132,"minecraft:cooked_chicken":9,"minecraft:netherrack":7,"minecraft:torch":106,"minecraft:dirt":20,"minecraft:golden_shovel":32,"minecraft:iron_hoe":24,"minecraft:iron_axe":237,"minecraft:iron_boots":2,"minecraft:golden_carrot":1,"minecraft:beef":4,"minecraft:cooked_beef":5,"minecraft:cobbled_deepslate":67,"minecraft:iron_leggings":2,"minecraft:calcite":3,"minecraft:cooked_mutton":7,"minecraft:water_bucket":15,"minecraft:baked_potato":2,"minecraft:waxed_copper_block":1,"minecraft:crafting_table":5,"minecraft:white_bed":2,"minecraft:diamond_pickaxe":118,"minecraft:wind_charge":43,"minecraft:chicken":1,"minecraft:iron_pickaxe":591,"minecraft:stone_axe":58,"minecraft:cobblestone":21,"minecraft:cooked_porkchop":6,"minecraft:porkchop":1,"minecraft:bucket":13,"minecraft:yellow_bed":3},"minecraft:custom":{"minecraft:interact_with_crafting_table":36,"minecraft:open_barrel":2,"minecraft:bell_ring":12,"minecraft:leave_game":24,"minecraft:time_since_death":266017,"minecraft:sprint_one_cm":674104,"minecraft:damage_blocked_by_shield":3977,"minecraft:drop":329,"minecraft:talked_to_villager":1,"minecraft:play_time":373463,"minecraft:deaths":7,"minecraft:jump":4884,"minecraft:walk_on_water_one_cm":47215,"minecraft:interact_with_furnace":101,"minecraft:sleep_in_bed":6,"minecraft:damage_dealt":10177,"minecraft:player_kills":1,"minecraft:crouch_one_cm":95494,"minecraft:inspect_dispenser":6,"minecraft:mob_kills":150,"minecraft:climb_one_cm":15908,"minecraft:walk_one_cm":1096953,"minecraft:sneak_time":41245,"minecraft:walk_under_water_one_cm":44093,"minecraft:boat_one_cm":29616,"minecraft:interact_with_blast_furnace":15,"minecraft:total_world_time":373463,"minecraft:time_since_rest":110247,"minecraft:damage_taken":6479,"minecraft:fly_one_cm":421524,"minecraft:swim_one_cm":58773,"minecraft:open_chest":95,"minecraft:fall_one_cm":123028},"minecraft:crafted":{"minecraft:oak_planks":444,"minecraft:cooked_chicken":11,"minecraft:cooked_mutton":7,"minecraft:iron_boots":1,"minecraft:chest":2,"minecraft:cooked_porkchop":29,"minecraft:crafting_table":2,"minecraft:wooden_pickaxe":1,"minecraft:iron_helmet":1,"minecraft:book":1,"minecraft:paper":9,"minecraft:diamond_pickaxe":1,"minecraft:shield":1,"minecraft:stick":36,"minecraft:iron_ingot":104,"minecraft:iron_pickaxe":3,"minecraft:redstone_torch":3,"minecraft:shears":1,"minecraft:furnace":2,"minecraft:iron_hoe":1,"minecraft:wheat":189,"minecraft:cooked_beef":33,"minecraft:enchanting_table":1,"minecraft:bread":63,"minecraft:oak_boat":1,"minecraft:iron_shovel":1,"minecraft:iron_leggings":1,"minecraft:torch":112},"minecraft:broken":{"minecraft:iron_shovel":1,"minecraft:golden_shovel":1,"minecraft:iron_sword":1,"minecraft:stone_hoe":1,"minecraft:iron_axe":1,"minecraft:iron_pickaxe":2},"minecraft:mined":{"minecraft:white_bed":1,"minecraft:sculk_vein":25,"minecraft:obsidian":17,"minecraft:granite":26,"minecraft:grass_block":104,"minecraft:chiseled_tuff_bricks":13,"minecraft:tuff_bricks":77,"minecraft:magma_block":7,"minecraft:iron_ore":42,"minecraft:cobbled_deepslate":1,"minecraft:polished_tuff":9,"minecraft:deepslate_lapis_ore":8,"minecraft:pointed_dripstone":2,"minecraft:dirt_path":1,"minecraft:orange_bed":4,"minecraft:deepslate_redstone_ore":4,"minecraft:melon_stem":1,"minecraft:torch":3,"minecraft:poppy":1,"minecraft:melon":16,"minecraft:chest":1,"minecraft:cobblestone":21,"minecraft:sugar_cane":14,"minecraft:oak_planks":8,"minecraft:wall_torch":4,"minecraft:waxed_copper_bulb":2,"minecraft:birch_log":7,"minecraft:wheat":5,"minecraft:waxed_copper_block":8,"minecraft:oak_log":158,"minecraft:acacia_fence":1,"minecraft:sand":14,"minecraft:dirt":212,"minecraft:netherrack":10,"minecraft:oak_leaves":60,"minecraft:deepslate":92,"minecraft:crying_obsidian":1,"minecraft:tuff":11,"minecraft:mossy_cobblestone":1,"minecraft:deepslate_diamond_ore":3,"minecraft:waxed_oxidized_chiseled_copper":1,"minecraft:decorated_pot":11,"minecraft:hay_block":137,"minecraft:waxed_oxidized_cut_copper":1,"minecraft:furnace":8,"minecraft:waxed_copper_grate":13,"minecraft:suspicious_sand":4,"minecraft:gold_block":2,"minecraft:deepslate_iron_ore":22,"minecraft:stripped_oak_log":5,"minecraft:stone":262,"minecraft:dandelion":1,"minecraft:crafting_table":4,"minecraft:short_grass":36,"minecraft:deepslate_gold_ore":9,"minecraft:sculk":144,"minecraft:birch_planks":1,"minecraft:waxed_oxidized_copper_grate":4,"minecraft:yellow_bed":3,"minecraft:coal_ore":58}},"DataVersion":3953}