{"stats":{"minecraft:killed_by":{"minecraft:husk":8,"minecraft:player":2,"minecraft:stray":5,"minecraft:creeper":1,"minecraft:spider":1,"minecraft:drowned":1,"minecraft:slime":2,"minecraft:breeze":1},"minecraft:picked_up":{"minecraft:cocoa_beans":16,"minecraft:iron_chestplate":27,"minecraft:crafting_table":9,"minecraft:ominous_bottle":3,"minecraft:chicken":8,"minecraft:wooden_pickaxe":17,"minecraft:enchanted_book":3,"minecraft:potion":24,"minecraft:brick":20,"minecraft:shield":15,"minecraft:wind_charge":51,"minecraft:string":22,"minecraft:iron_leggings":25,"minecraft:red_candle":18,"minecraft:cobbled_deepslate":391,"minecraft:bucket":8,"minecraft:beef":39,"minecraft:trial_key":31,"minecraft:oak_boat":1,"minecraft:calcite":6,"minecraft:iron_pickaxe":9,"minecraft:waxed_oxidized_copper":21,"minecraft:iron_boots":7,"minecraft:furnace":5,"minecraft:tipped_arrow":17,"minecraft:stick":41,"minecraft:raw_iron":215,"minecraft:sandstone":1,"minecraft:oak_fence":20,"minecraft:torch":74,"minecraft:fire_charge":78,"minecraft:porkchop":6,"minecraft:waxed_weathered_copper_bulb":3,"minecraft:waxed_copper_grate":25,"minecraft:trident":1,"minecraft:carrot":6,"minecraft:waxed_oxidized_chiseled_copper":3,"minecraft:diamond_chestplate":7,"minecraft:honey_bottle":4,"minecraft:arrow":134,"minecraft:stone_sword":18,"minecraft:rotten_flesh":195,"minecraft:decorated_pot":6,"minecraft:hay_block":49,"minecraft:saddle":2,"minecraft:tuff_bricks":55,"minecraft:waxed_cut_copper":1,"minecraft:mutton":4,"minecraft:cobblestone":197,"minecraft:snowball":12,"minecraft:white_wool":16,"minecraft:feather":48,"minecraft:cooked_beef":105,"minecraft:golden_carrot":13,"minecraft:jungle_log":62,"minecraft:glow_ink_sac":2,"minecraft:water_bucket":9,"minecraft:andesite":38,"minecraft:leather":18,"minecraft:potato":2,"minecraft:waxed_copper_bulb":1,"minecraft:tuff":1,"minecraft:oak_log":50,"minecraft:waxed_copper_block":32,"minecraft:lapis_lazuli":40,"minecraft:dirt":25,"minecraft:cooked_mutton":4,"minecraft:bone":218,"minecraft:bow":12,"minecraft:wheat_seeds":17,"minecraft:iron_ingot":50,"minecraft:stone_pickaxe":13,"minecraft:cooked_chicken":4,"minecraft:glass_bottle":26,"minecraft:moss_block":14,"minecraft:iron_sword":7,"minecraft:oak_planks":290,"minecraft:lava_bucket":1,"minecraft:white_bed":11,"minecraft:polished_tuff":13,"minecraft:leather_helmet":1,"minecraft:slime_ball":329,"minecraft:diamond":19,"minecraft:stone_axe":11,"minecraft:waxed_oxidized_copper_grate":31,"minecraft:iron_helmet":13,"minecraft:breeze_rod":5,"minecraft:golden_apple":6,"minecraft:emerald":1,"minecraft:bread":409,"minecraft:baked_potato":30,"minecraft:oak_sapling":1,"minecraft:coal":128,"minecraft:chiseled_tuff_bricks":5},"minecraft:killed":{"minecraft:spider":1,"minecraft:slime":74,"minecraft:skeleton":2,"minecraft:chicken":6,"minecraft:drowned":1,"minecraft:husk":19,"minecraft:pig":1,"minecraft:zombie":6,"minecraft:stray":22,"minecraft:breeze":1,"minecraft:glow_squid":1,"minecraft:cow":12},"minecraft:dropped":{"minecraft:bread":3,"minecraft:enchanted_book":1,"minecraft:stone_hoe":1,"minecraft:glass_bottle":3,"minecraft:decorated_pot":1,"minecraft:oak_fence":4,"minecraft:feather":16,"minecraft:cobblestone":12,"minecraft:waxed_copper_grate":5,"minecraft:coal":68,"minecraft:leather_helmet":1,"minecraft:stick":26,"minecraft:lava_bucket":1,"minecraft:dirt":6,"minecraft:mutton":4,"minecraft:waxed_oxidized_copper":4,"minecraft:iron_leggings":4,"minecraft:string":2,"minecraft:bone":1,"minecraft:furnace":1,"minecraft:stone_axe":4,"minecraft:tuff_bricks":5,"minecraft:chiseled_tuff_bricks":1,"minecraft:stone_sword":3,"minecraft:raw_iron":5,"minecraft:chicken":7,"minecraft:oak_planks":84,"minecraft:cooked_mutton":2,"minecraft:waxed_copper_block":9,"minecraft:hay_block":12,"minecraft:shield":2,"minecraft:trial_key":2,"minecraft:diamond_chestplate":1,"minecraft:waxed_cut_copper":1,"minecraft:iron_chestplate":7,"minecraft:oak_boat":1,"minecraft:breeze_rod":1,"minecraft:beef":6,"minecraft:stone_pickaxe":2},"minecraft:used":{"minecraft:tuff_bricks":18,"minecraft:moss_block":2,"minecraft:trident":6,"minecraft:stone_sword":199,"minecraft:shield":16,"minecraft:iron_sword":146,"minecraft:stone_hoe":262,"minecraft:cooked_chicken":3,"minecraft:rotten_flesh":2,"minecraft:trial_key":7,"minecraft:iron_chestplate":4,"minecraft:torch":5,"minecraft:dirt":14,"minecraft:waxed_oxidized_chiseled_copper":1,"minecraft:waxed_copper_grate":2,"minecraft:honey_bottle":2,"minecraft:waxed_oxidized_copper":1,"minecraft:waxed_oxidized_copper_grate":7,"minecraft:lava_bucket":4,"minecraft:jungle_log":9,"minecraft:iron_helmet":2,"minecraft:red_candle":3,"minecraft:iron_boots":2,"minecraft:diamond_chestplate":1,"minecraft:golden_carrot":4,"minecraft:bow":108,"minecraft:oak_sapling":1,"minecraft:furnace":1,"minecraft:cobbled_deepslate":17,"minecraft:cooked_beef":24,"minecraft:iron_leggings":4,"minecraft:golden_axe":38,"minecraft:water_bucket":16,"minecraft:stone_pickaxe":147,"minecraft:baked_potato":9,"minecraft:oak_planks":3,"minecraft:wooden_pickaxe":81,"minecraft:sandstone":1,"minecraft:waxed_copper_block":3,"minecraft:golden_apple":1,"minecraft:crafting_table":8,"minecraft:white_bed":3,"minecraft:polished_tuff":7,"minecraft:bread":21,"minecraft:chicken":1,"minecraft:wind_charge":11,"minecraft:iron_pickaxe":223,"minecraft:stone_axe":142,"minecraft:chiseled_tuff_bricks":2,"minecraft:potion":8,"minecraft:cobblestone":33,"minecraft:bucket":16,"minecraft:andesite":11},"minecraft:custom":{"minecraft:mob_kills":146,"minecraft:interact_with_crafting_table":26,"minecraft:open_barrel":5,"minecraft:bell_ring":40,"minecraft:eat_cake_slice":2,"minecraft:leave_game":7,"minecraft:time_since_death":19443,"minecraft:climb_one_cm":30152,"minecraft:sprint_one_cm":873607,"minecraft:walk_one_cm":424301,"minecraft:damage_blocked_by_shield":497,"minecraft:drop":158,"minecraft:play_time":256085,"minecraft:deaths":26,"minecraft:sneak_time":5522,"minecraft:walk_under_water_one_cm":11771,"minecraft:jump":4251,"minecraft:interact_with_blast_furnace":1,"minecraft:walk_on_water_one_cm":43294,"minecraft:total_world_time":256085,"minecraft:interact_with_furnace":18,"minecraft:sleep_in_bed":5,"minecraft:time_since_rest":19481,"minecraft:damage_taken":11081,"minecraft:damage_dealt":12756,"minecraft:swim_one_cm":21675,"minecraft:fly_one_cm":570273,"minecraft:player_kills":5,"minecraft:open_chest":36,"minecraft:crouch_one_cm":5223,"minecraft:fall_one_cm":120197,"minecraft:inspect_dispenser":38},"minecraft:crafted":{"minecraft:oak_planks":144,"minecraft:furnace":1,"minecraft:stone_pickaxe":5,"minecraft:oak_button":1,"minecraft:stone_hoe":3,"minecraft:wheat":243,"minecraft:cooked_beef":23,"minecraft:crafting_table":4,"minecraft:wooden_pickaxe":3,"minecraft:iron_helmet":2,"minecraft:stone_axe":5,"minecraft:bread":81,"minecraft:iron_chestplate":2,"minecraft:shield":1,"minecraft:stick":76,"minecraft:iron_ingot":52,"minecraft:stone_sword":4,"minecraft:iron_leggings":3},"minecraft:broken":{"minecraft:stone_hoe":2,"minecraft:golden_axe":1,"minecraft:iron_helmet":1},"minecraft:mined":{"minecraft:tuff":1,"minecraft:white_bed":4,"minecraft:deepslate_diamond_ore":3,"minecraft:sculk_vein":32,"minecraft:jungle_leaves":1,"minecraft:grass_block":10,"minecraft:decorated_pot":2,"minecraft:jungle_log":66,"minecraft:chiseled_tuff_bricks":2,"minecraft:sandstone":1,"minecraft:tuff_bricks":19,"minecraft:hay_block":17,"minecraft:cobbled_deepslate":4,"minecraft:waxed_copper_grate":17,"minecraft:iron_ore":132,"minecraft:fire":1,"minecraft:waxed_oxidized_copper_bulb":1,"minecraft:vine":15,"minecraft:waxed_weathered_copper_bulb":1,"minecraft:stone":112,"minecraft:waxed_cut_copper":1,"minecraft:kelp_plant":1,"minecraft:oak_fence":2,"minecraft:crafting_table":3,"minecraft:short_grass":48,"minecraft:emerald_ore":1,"minecraft:calcite":4,"minecraft:sculk_sensor":7,"minecraft:tall_grass":9,"minecraft:cobblestone":7,"minecraft:waxed_chiseled_copper":1,"minecraft:sculk":365,"minecraft:waxed_copper_bulb":1,"minecraft:red_candle":2,"minecraft:waxed_oxidized_copper_grate":9,"minecraft:light_gray_stained_glass":2,"minecraft:waxed_oxidized_cut_copper_stairs":1,"minecraft:exposed_cut_copper_slab":1,"minecraft:birch_leaves":3,"minecraft:waxed_copper_block":10,"minecraft:coal_ore":21,"minecraft:oak_log":52,"minecraft:waxed_oxidized_copper":7,"minecraft:dirt":13,"minecraft:oak_leaves":25,"minecraft:fern":9,"minecraft:deepslate":21}},"DataVersion":3953}