{"stats":{"minecraft:crafted":{"minecraft:oak_planks":136,"minecraft:furnace":1,"minecraft:stone_pickaxe":5,"minecraft:oak_button":1,"minecraft:stone_hoe":3,"minecraft:wheat":243,"minecraft:cooked_beef":23,"minecraft:crafting_table":3,"minecraft:wooden_pickaxe":3,"minecraft:iron_helmet":2,"minecraft:stone_axe":4,"minecraft:bread":81,"minecraft:iron_chestplate":2,"minecraft:shield":1,"minecraft:stick":76,"minecraft:iron_ingot":52,"minecraft:stone_sword":4,"minecraft:iron_leggings":3},"minecraft:dropped":{"minecraft:enchanted_book":1,"minecraft:stone_hoe":1,"minecraft:bread":3,"minecraft:glass_bottle":3,"minecraft:decorated_pot":1,"minecraft:oak_fence":4,"minecraft:feather":16,"minecraft:cobblestone":12,"minecraft:waxed_copper_grate":5,"minecraft:coal":68,"minecraft:leather_helmet":1,"minecraft:stick":26,"minecraft:lava_bucket":1,"minecraft:dirt":6,"minecraft:mutton":4,"minecraft:waxed_oxidized_copper":4,"minecraft:iron_leggings":4,"minecraft:string":2,"minecraft:bone":1,"minecraft:furnace":1,"minecraft:stone_axe":4,"minecraft:tuff_bricks":5,"minecraft:chiseled_tuff_bricks":1,"minecraft:stone_sword":3,"minecraft:raw_iron":5,"minecraft:chicken":7,"minecraft:oak_planks":84,"minecraft:cooked_mutton":2,"minecraft:waxed_copper_block":9,"minecraft:hay_block":12,"minecraft:shield":2,"minecraft:trial_key":2,"minecraft:diamond_chestplate":1,"minecraft:waxed_cut_copper":1,"minecraft:iron_chestplate":6,"minecraft:oak_boat":1,"minecraft:beef":6,"minecraft:stone_pickaxe":2},"minecraft:broken":{"minecraft:stone_hoe":2,"minecraft:iron_helmet":1},"minecraft:picked_up":{"minecraft:iron_chestplate":22,"minecraft:crafting_table":9,"minecraft:ominous_bottle":3,"minecraft:chicken":7,"minecraft:wooden_pickaxe":13,"minecraft:enchanted_book":3,"minecraft:potion":16,"minecraft:shield":15,"minecraft:brick":20,"minecraft:wind_charge":37,"minecraft:string":20,"minecraft:red_candle":9,"minecraft:iron_leggings":17,"minecraft:cobbled_deepslate":390,"minecraft:bucket":8,"minecraft:beef":39,"minecraft:trial_key":30,"minecraft:oak_boat":1,"minecraft:calcite":6,"minecraft:iron_pickaxe":7,"minecraft:waxed_oxidized_copper":21,"minecraft:iron_boots":5,"minecraft:furnace":5,"minecraft:tipped_arrow":16,"minecraft:stick":39,"minecraft:raw_iron":130,"minecraft:sandstone":1,"minecraft:oak_fence":20,"minecraft:torch":74,"minecraft:fire_charge":78,"minecraft:porkchop":6,"minecraft:waxed_weathered_copper_bulb":3,"minecraft:waxed_copper_grate":25,"minecraft:trident":1,"minecraft:carrot":6,"minecraft:rotten_flesh":166,"minecraft:waxed_oxidized_chiseled_copper":3,"minecraft:honey_bottle":4,"minecraft:arrow":117,"minecraft:stone_sword":18,"minecraft:diamond_chestplate":6,"minecraft:decorated_pot":6,"minecraft:hay_block":49,"minecraft:saddle":2,"minecraft:waxed_cut_copper":1,"minecraft:tuff_bricks":42,"minecraft:mutton":4,"minecraft:cobblestone":176,"minecraft:snowball":12,"minecraft:white_wool":16,"minecraft:feather":48,"minecraft:cooked_beef":69,"minecraft:golden_carrot":12,"minecraft:glow_ink_sac":2,"minecraft:water_bucket":9,"minecraft:andesite":38,"minecraft:leather":18,"minecraft:waxed_copper_bulb":1,"minecraft:tuff":1,"minecraft:oak_log":46,"minecraft:waxed_copper_block":25,"minecraft:lapis_lazuli":40,"minecraft:dirt":23,"minecraft:cooked_mutton":4,"minecraft:bone":107,"minecraft:bow":7,"minecraft:wheat_seeds":12,"minecraft:iron_ingot":48,"minecraft:stone_pickaxe":13,"minecraft:cooked_chicken":1,"minecraft:glass_bottle":13,"minecraft:moss_block":6,"minecraft:iron_sword":6,"minecraft:oak_planks":290,"minecraft:lava_bucket":1,"minecraft:white_bed":10,"minecraft:polished_tuff":2,"minecraft:leather_helmet":1,"minecraft:slime_ball":329,"minecraft:diamond":19,"minecraft:stone_axe":11,"minecraft:waxed_oxidized_copper_grate":27,"minecraft:iron_helmet":13,"minecraft:breeze_rod":2,"minecraft:golden_apple":4,"minecraft:bread":403,"minecraft:baked_potato":19,"minecraft:oak_sapling":1,"minecraft:coal":128,"minecraft:chiseled_tuff_bricks":5},"minecraft:used":{"minecraft:tuff_bricks":11,"minecraft:trident":6,"minecraft:stone_sword":199,"minecraft:shield":16,"minecraft:iron_sword":131,"minecraft:stone_hoe":262,"minecraft:cooked_chicken":1,"minecraft:rotten_flesh":2,"minecraft:trial_key":6,"minecraft:iron_chestplate":4,"minecraft:torch":5,"minecraft:dirt":14,"minecraft:waxed_oxidized_chiseled_copper":1,"minecraft:waxed_copper_grate":2,"minecraft:honey_bottle":2,"minecraft:waxed_oxidized_copper":1,"minecraft:waxed_oxidized_copper_grate":5,"minecraft:lava_bucket":4,"minecraft:iron_helmet":2,"minecraft:iron_boots":1,"minecraft:diamond_chestplate":1,"minecraft:golden_carrot":4,"minecraft:bow":108,"minecraft:oak_sapling":1,"minecraft:furnace":1,"minecraft:cooked_beef":20,"minecraft:cobbled_deepslate":17,"minecraft:iron_leggings":3,"minecraft:water_bucket":16,"minecraft:stone_pickaxe":147,"minecraft:baked_potato":5,"minecraft:oak_planks":3,"minecraft:wooden_pickaxe":76,"minecraft:sandstone":1,"minecraft:crafting_table":7,"minecraft:white_bed":3,"minecraft:bread":17,"minecraft:wind_charge":4,"minecraft:iron_pickaxe":130,"minecraft:stone_axe":86,"minecraft:chiseled_tuff_bricks":2,"minecraft:potion":5,"minecraft:cobblestone":27,"minecraft:bucket":16,"minecraft:andesite":11},"minecraft:mined":{"minecraft:tuff":1,"minecraft:white_bed":3,"minecraft:deepslate_diamond_ore":3,"minecraft:sculk_vein":32,"minecraft:jungle_leaves":1,"minecraft:grass_block":7,"minecraft:decorated_pot":2,"minecraft:chiseled_tuff_bricks":2,"minecraft:sandstone":1,"minecraft:tuff_bricks":19,"minecraft:hay_block":17,"minecraft:cobbled_deepslate":2,"minecraft:waxed_copper_grate":17,"minecraft:iron_ore":62,"minecraft:fire":1,"minecraft:waxed_oxidized_copper_bulb":1,"minecraft:vine":1,"minecraft:waxed_weathered_copper_bulb":1,"minecraft:stone":91,"minecraft:waxed_cut_copper":1,"minecraft:oak_fence":2,"minecraft:crafting_table":3,"minecraft:short_grass":8,"minecraft:calcite":4,"minecraft:sculk_sensor":7,"minecraft:tall_grass":4,"minecraft:cobblestone":7,"minecraft:waxed_chiseled_copper":1,"minecraft:sculk":365,"minecraft:waxed_copper_bulb":1,"minecraft:red_candle":1,"minecraft:waxed_oxidized_copper_grate":9,"minecraft:light_gray_stained_glass":2,"minecraft:waxed_oxidized_cut_copper_stairs":1,"minecraft:exposed_cut_copper_slab":1,"minecraft:waxed_copper_block":9,"minecraft:oak_log":48,"minecraft:coal_ore":21,"minecraft:waxed_oxidized_copper":7,"minecraft:dirt":13,"minecraft:oak_leaves":16,"minecraft:deepslate":21},"minecraft:custom":{"minecraft:mob_kills":141,"minecraft:interact_with_crafting_table":25,"minecraft:open_barrel":4,"minecraft:bell_ring":2,"minecraft:eat_cake_slice":2,"minecraft:leave_game":5,"minecraft:time_since_death":91,"minecraft:climb_one_cm":24517,"minecraft:sprint_one_cm":648574,"minecraft:walk_one_cm":293544,"minecraft:damage_blocked_by_shield":497,"minecraft:drop":156,"minecraft:play_time":189862,"minecraft:deaths":22,"minecraft:sneak_time":3811,"minecraft:walk_under_water_one_cm":7893,"minecraft:jump":2738,"minecraft:interact_with_blast_furnace":1,"minecraft:walk_on_water_one_cm":34869,"minecraft:total_world_time":189862,"minecraft:interact_with_furnace":18,"minecraft:sleep_in_bed":4,"minecraft:time_since_rest":124,"minecraft:damage_taken":9377,"minecraft:damage_dealt":11806,"minecraft:swim_one_cm":10240,"minecraft:fly_one_cm":309869,"minecraft:player_kills":5,"minecraft:open_chest":20,"minecraft:crouch_one_cm":4101,"minecraft:fall_one_cm":87161,"minecraft:inspect_dispenser":38},"minecraft:killed_by":{"minecraft:husk":8,"minecraft:player":2,"minecraft:stray":4,"minecraft:creeper":1,"minecraft:spider":1,"minecraft:drowned":1,"minecraft:slime":2},"minecraft:killed":{"minecraft:spider":1,"minecraft:slime":74,"minecraft:skeleton":2,"minecraft:chicken":5,"minecraft:drowned":1,"minecraft:husk":19,"minecraft:pig":1,"minecraft:zombie":3,"minecraft:stray":21,"minecraft:breeze":1,"minecraft:glow_squid":1,"minecraft:cow":12}},"DataVersion":3953}