{"stats":{"minecraft:picked_up":{"minecraft:bone":2,"minecraft:arrow":1,"minecraft:rotten_flesh":2,"minecraft:oak_log":16,"minecraft:stick":2,"minecraft:dirt":17,"minecraft:cobblestone":37},"minecraft:dropped":{"minecraft:stone_axe":1,"minecraft:stone_pickaxe":1,"minecraft:stone_sword":1},"minecraft:custom":{"minecraft:time_since_rest":3112,"minecraft:play_time":11164,"minecraft:sprint_one_cm":40910,"minecraft:damage_taken":245,"minecraft:walk_one_cm":13051,"minecraft:mob_kills":2,"minecraft:drop":3,"minecraft:jump":227,"minecraft:damage_dealt":401,"minecraft:leave_game":1,"minecraft:time_since_death":3075,"minecraft:total_world_time":11164,"minecraft:interact_with_crafting_table":2,"minecraft:fall_one_cm":5962,"minecraft:fly_one_cm":27146,"minecraft:deaths":1},"minecraft:used":{"minecraft:rotten_flesh":2,"minecraft:stone_sword":12,"minecraft:crafting_table":1,"minecraft:wooden_pickaxe":40},"minecraft:killed":{"minecraft:skeleton":1,"minecraft:zombie":1},"minecraft:killed_by":{"minecraft:creeper":1},"minecraft:crafted":{"minecraft:stone_sword":3,"minecraft:oak_button":1,"minecraft:oak_planks":64,"minecraft:stone_axe":3,"minecraft:crafting_table":2,"minecraft:stick":32,"minecraft:stone_pickaxe":3,"minecraft:wooden_pickaxe":1},"minecraft:mined":{"minecraft:short_grass":3,"minecraft:grass_block":5,"minecraft:oak_log":16,"minecraft:dirt":12,"minecraft:stone":37,"minecraft:oak_leaves":14}},"DataVersion":3953}