{"stats":{"minecraft:picked_up":{"minecraft:crafting_table":2,"minecraft:stone_sword":2,"minecraft:stick":1,"minecraft:rotten_flesh":1,"minecraft:stone_axe":2,"minecraft:stone_pickaxe":2,"minecraft:oak_log":16,"minecraft:light_gray_wool":2,"minecraft:mutton":2,"minecraft:string":2,"minecraft:spider_eye":2,"minecraft:dirt":28},"minecraft:custom":{"minecraft:time_since_rest":3484,"minecraft:crouch_one_cm":164,"minecraft:walk_one_cm":22131,"minecraft:play_time":13260,"minecraft:sprint_one_cm":23652,"minecraft:damage_taken":543,"minecraft:deaths":2,"minecraft:sneak_time":84,"minecraft:mob_kills":4,"minecraft:jump":164,"minecraft:damage_dealt":666,"minecraft:leave_game":2,"minecraft:time_since_death":3459,"minecraft:total_world_time":13260,"minecraft:fly_one_cm":17882,"minecraft:fall_one_cm":4609,"minecraft:player_kills":1},"minecraft:used":{"minecraft:rotten_flesh":1,"minecraft:stone_axe":7},"minecraft:killed":{"minecraft:sheep":1,"minecraft:zombie":2},"minecraft:killed_by":{"minecraft:skeleton":1,"minecraft:zombie":1},"minecraft:mined":{"minecraft:oak_log":10,"minecraft:crafting_table":1,"minecraft:oak_leaves":4}},"DataVersion":3953}