{"stats":{"minecraft:killed_by":{"minecraft:drowned":2,"minecraft:zombie":1,"minecraft:husk":1,"minecraft:player":5,"minecraft:skeleton":1},"minecraft:picked_up":{"minecraft:iron_chestplate":14,"minecraft:oak_stairs":26,"minecraft:potion":13,"minecraft:enchanted_book":9,"minecraft:golden_sword":1,"minecraft:string":28,"minecraft:raw_copper":4,"minecraft:iron_leggings":7,"minecraft:cobbled_deepslate":186,"minecraft:bucket":1,"minecraft:light_weighted_pressure_plate":1,"minecraft:trial_key":20,"minecraft:redstone_torch":1,"minecraft:calcite":3,"minecraft:iron_pickaxe":4,"minecraft:melon_slice":84,"minecraft:iron_boots":3,"minecraft:furnace":16,"minecraft:tipped_arrow":72,"minecraft:stick":80,"minecraft:torch":149,"minecraft:porkchop":53,"minecraft:waxed_weathered_copper_bulb":2,"minecraft:waxed_copper_grate":19,"minecraft:golden_chestplate":1,"minecraft:orange_bed":5,"minecraft:stone_sword":12,"minecraft:honey_bottle":10,"minecraft:rotten_flesh":209,"minecraft:waxed_cut_copper":1,"minecraft:snowball":4,"minecraft:cobblestone":491,"minecraft:birch_log":64,"minecraft:leather_chestplate":1,"minecraft:feather":30,"minecraft:cooked_beef":11,"minecraft:water_bucket":3,"minecraft:andesite":12,"minecraft:potato":2,"minecraft:tuff":93,"minecraft:lapis_lazuli":67,"minecraft:dirt":561,"minecraft:name_tag":2,"minecraft:leather_boots":4,"minecraft:bone":205,"minecraft:bow":5,"minecraft:wheat_seeds":33,"minecraft:raw_gold":9,"minecraft:bolt_armor_trim_smithing_template":1,"minecraft:oak_planks":429,"minecraft:scrape_pottery_sherd":4,"minecraft:iron_hoe":1,"minecraft:diamond":15,"minecraft:breeze_rod":39,"minecraft:granite":31,"minecraft:golden_apple":3,"minecraft:emerald":79,"minecraft:bread":116,"minecraft:oak_sapling":6,"minecraft:diamond_pickaxe":2,"minecraft:crafting_table":12,"minecraft:ominous_bottle":9,"minecraft:chicken":19,"minecraft:ladder":7,"minecraft:leather_leggings":1,"minecraft:wooden_pickaxe":2,"minecraft:gold_block":1,"minecraft:shield":9,"minecraft:brick":172,"minecraft:wind_charge":91,"minecraft:iron_axe":4,"minecraft:beef":45,"minecraft:oak_boat":7,"minecraft:light_gray_wool":2,"minecraft:sugar_cane":6,"minecraft:chest":13,"minecraft:waxed_oxidized_copper":1,"minecraft:raw_iron":117,"minecraft:oak_door":10,"minecraft:fire_charge":3,"minecraft:flow_pottery_sherd":1,"minecraft:trident":4,"minecraft:carrot":1,"minecraft:redstone":16,"minecraft:music_disc_creator_music_box":3,"minecraft:arrow":185,"minecraft:diamond_chestplate":1,"minecraft:decorated_pot":2,"minecraft:hay_block":143,"minecraft:saddle":1,"minecraft:tuff_bricks":7,"minecraft:mutton":49,"minecraft:white_wool":53,"minecraft:stripped_oak_log":27,"minecraft:golden_carrot":2,"minecraft:glow_ink_sac":4,"minecraft:leather":30,"minecraft:birch_planks":80,"minecraft:oak_log":235,"minecraft:waxed_copper_block":2,"minecraft:yellow_bed":20,"minecraft:paper":3,"minecraft:cooked_mutton":9,"minecraft:iron_ingot":120,"minecraft:stone_pickaxe":14,"minecraft:cooked_chicken":6,"minecraft:glass_bottle":6,"minecraft:iron_sword":4,"minecraft:dandelion":1,"minecraft:blast_furnace":7,"minecraft:white_bed":8,"minecraft:spider_eye":3,"minecraft:leather_helmet":4,"minecraft:slime_ball":363,"minecraft:stone_axe":13,"minecraft:iron_helmet":4,"minecraft:baked_potato":9,"minecraft:coal":341,"minecraft:ender_pearl":1},"minecraft:killed":{"minecraft:spider":3,"minecraft:skeleton":8,"minecraft:chicken":1,"minecraft:pig":1,"minecraft:iron_golem":1,"minecraft:sheep":10,"minecraft:zombie":13,"minecraft:stray":44,"minecraft:cow":8,"minecraft:slime":86,"minecraft:drowned":8,"minecraft:husk":59,"minecraft:bat":3,"minecraft:breeze":14},"minecraft:dropped":{"minecraft:iron_sword":5,"minecraft:birch_planks":6,"minecraft:glow_ink_sac":2,"minecraft:glass_bottle":10,"minecraft:leather":11,"minecraft:music_disc_creator_music_box":1,"minecraft:mutton":1,"minecraft:scrape_pottery_sherd":2,"minecraft:snowball":4,"minecraft:iron_pickaxe":3,"minecraft:white_wool":20,"minecraft:bone":49,"minecraft:stone_axe":5,"minecraft:cooked_chicken":1,"minecraft:cobbled_deepslate":65,"minecraft:rotten_flesh":1,"minecraft:oak_planks":45,"minecraft:waxed_copper_block":1,"minecraft:wind_charge":24,"minecraft:leather_chestplate":1,"minecraft:tipped_arrow":10,"minecraft:gunpowder":7,"minecraft:ladder":1,"minecraft:leather_leggings":1,"minecraft:arrow":48,"minecraft:iron_ingot":6,"minecraft:bread":11,"minecraft:wheat_seeds":20,"minecraft:iron_helmet":5,"minecraft:cobblestone":7,"minecraft:waxed_copper_grate":14,"minecraft:coal":13,"minecraft:stick":25,"minecraft:torch":37,"minecraft:waxed_weathered_copper_bulb":2,"minecraft:potion":1,"minecraft:iron_leggings":4,"minecraft:iron_axe":3,"minecraft:string":11,"minecraft:tuff_bricks":2,"minecraft:stone_sword":5,"minecraft:tuff":62,"minecraft:iron_boots":4,"minecraft:iron_hoe":1,"minecraft:trial_key":6,"minecraft:diamond_chestplate":1,"minecraft:waxed_cut_copper":1,"minecraft:iron_chestplate":10,"minecraft:diamond_pickaxe":1,"minecraft:spider_eye":1,"minecraft:slime_ball":25,"minecraft:stone_pickaxe":3,"minecraft:wooden_pickaxe":1,"minecraft:brick":16},"minecraft:used":{"minecraft:tuff_bricks":5,"minecraft:iron_shovel":134,"minecraft:ladder":15,"minecraft:decorated_pot":2,"minecraft:chest":26,"minecraft:shield":91,"minecraft:iron_sword":204,"minecraft:rotten_flesh":44,"minecraft:iron_chestplate":2,"minecraft:carrot":1,"minecraft:waxed_copper_grate":2,"minecraft:waxed_oxidized_copper":1,"minecraft:iron_helmet":1,"minecraft:bow":47,"minecraft:ominous_bottle":1,"minecraft:oak_sapling":2,"minecraft:furnace":13,"minecraft:stone_pickaxe":170,"minecraft:oak_planks":272,"minecraft:ender_pearl":1,"minecraft:white_wool":4,"minecraft:golden_apple":1,"minecraft:blast_furnace":2,"minecraft:lingering_potion":1,"minecraft:melon_slice":4,"minecraft:bread":63,"minecraft:string":9,"minecraft:andesite":1,"minecraft:oak_boat":1,"minecraft:trident":12,"minecraft:enchanting_table":1,"minecraft:stone_sword":2,"minecraft:cooked_chicken":5,"minecraft:trial_key":8,"minecraft:oak_door":9,"minecraft:orange_bed":5,"minecraft:torch":36,"minecraft:dirt":194,"minecraft:granite":1,"minecraft:iron_hoe":664,"minecraft:iron_axe":572,"minecraft:light_weighted_pressure_plate":1,"minecraft:oak_stairs":33,"minecraft:iron_boots":1,"minecraft:light_gray_wool":1,"minecraft:beef":1,"minecraft:cooked_beef":14,"minecraft:cobbled_deepslate":16,"minecraft:iron_leggings":1,"minecraft:cooked_mutton":7,"minecraft:water_bucket":99,"minecraft:birch_planks":231,"minecraft:baked_potato":9,"minecraft:leather_boots":1,"minecraft:waxed_copper_block":1,"minecraft:crafting_table":12,"minecraft:white_bed":4,"minecraft:cake":1,"minecraft:oak_log":55,"minecraft:diamond_pickaxe":145,"minecraft:wind_charge":32,"minecraft:iron_pickaxe":231,"minecraft:leather_helmet":1,"minecraft:stone_axe":98,"minecraft:cobblestone":160,"minecraft:potion":4,"minecraft:cooked_porkchop":3,"minecraft:bucket":100,"minecraft:yellow_bed":20,"minecraft:stripped_oak_log":10,"minecraft:dandelion":1},"minecraft:custom":{"minecraft:interact_with_crafting_table":54,"minecraft:open_barrel":6,"minecraft:eat_cake_slice":5,"minecraft:leave_game":6,"minecraft:time_since_death":163714,"minecraft:sprint_one_cm":882152,"minecraft:damage_blocked_by_shield":2699,"minecraft:drop":146,"minecraft:talked_to_villager":2,"minecraft:play_time":352347,"minecraft:deaths":12,"minecraft:jump":4974,"minecraft:walk_on_water_one_cm":37843,"minecraft:interact_with_furnace":48,"minecraft:sleep_in_bed":7,"minecraft:damage_dealt":31836,"minecraft:player_kills":2,"minecraft:crouch_one_cm":27498,"minecraft:inspect_dispenser":25,"minecraft:mob_kills":264,"minecraft:climb_one_cm":36389,"minecraft:walk_one_cm":1181646,"minecraft:sneak_time":13050,"minecraft:walk_under_water_one_cm":22387,"minecraft:boat_one_cm":21997,"minecraft:interact_with_blast_furnace":16,"minecraft:total_world_time":352347,"minecraft:time_since_rest":71428,"minecraft:damage_taken":9917,"minecraft:damage_absorbed":40,"minecraft:swim_one_cm":66757,"minecraft:fly_one_cm":968376,"minecraft:open_chest":129,"minecraft:fall_one_cm":131541},"minecraft:crafted":{"minecraft:oak_planks":212,"minecraft:cooked_mutton":6,"minecraft:iron_boots":3,"minecraft:chest":13,"minecraft:cooked_porkchop":3,"minecraft:crafting_table":2,"minecraft:iron_helmet":3,"minecraft:birch_planks":196,"minecraft:iron_chestplate":2,"minecraft:shield":2,"minecraft:stick":56,"minecraft:iron_ingot":44,"minecraft:iron_pickaxe":4,"minecraft:stone_sword":1,"minecraft:oak_door":3,"minecraft:wind_charge":24,"minecraft:furnace":3,"minecraft:iron_axe":4,"minecraft:ladder":9,"minecraft:iron_hoe":3,"minecraft:stone_pickaxe":1,"minecraft:wheat":108,"minecraft:cooked_beef":7,"minecraft:iron_sword":5,"minecraft:stone_axe":1,"minecraft:air":0,"minecraft:oak_stairs":12,"minecraft:iron_shovel":1,"minecraft:iron_leggings":2,"minecraft:torch":8},"minecraft:broken":{"minecraft:iron_leggings":1,"minecraft:stone_pickaxe":1,"minecraft:stone_axe":1,"minecraft:bow":1,"minecraft:iron_hoe":2,"minecraft:leather_helmet":1,"minecraft:iron_axe":2,"minecraft:iron_pickaxe":1,"minecraft:iron_helmet":1},"minecraft:mined":{"minecraft:waxed_cut_copper_slab":1,"minecraft:white_bed":5,"minecraft:sculk_vein":36,"minecraft:granite":4,"minecraft:grass_block":8,"minecraft:chiseled_tuff_bricks":1,"minecraft:tuff_bricks":7,"minecraft:iron_ore":49,"minecraft:cobbled_deepslate":4,"minecraft:polished_tuff":2,"minecraft:sculk_shrieker":3,"minecraft:dirt_path":10,"minecraft:oak_stairs":26,"minecraft:orange_bed":1,"minecraft:waxed_cut_copper":1,"minecraft:torch":3,"minecraft:blast_furnace":2,"minecraft:chest":13,"minecraft:cobblestone":16,"minecraft:oak_planks":66,"minecraft:wall_torch":3,"minecraft:birch_log":18,"minecraft:waxed_copper_block":3,"minecraft:oak_log":17,"minecraft:waxed_oxidized_copper":2,"minecraft:dirt":212,"minecraft:oak_leaves":5,"minecraft:deepslate":88,"minecraft:tuff":34,"minecraft:oak_door":7,"minecraft:decorated_pot":16,"minecraft:moss_block":3,"minecraft:hay_block":19,"minecraft:furnace":9,"minecraft:waxed_copper_grate":3,"minecraft:andesite":17,"minecraft:deepslate_iron_ore":25,"minecraft:stripped_oak_log":28,"minecraft:stone":203,"minecraft:crafting_table":9,"minecraft:short_grass":32,"minecraft:sculk_sensor":14,"minecraft:copper_ore":1,"minecraft:lapis_ore":6,"minecraft:sculk":619,"minecraft:birch_planks":82,"minecraft:birch_leaves":2,"minecraft:yellow_bed":20,"minecraft:coal_ore":48,"minecraft:cobweb":5,"minecraft:oak_button":1}},"DataVersion":3953}