{"stats":{"minecraft:crafted":{"minecraft:oak_planks":16,"minecraft:wind_charge":24,"minecraft:furnace":1,"minecraft:cooked_mutton":6,"minecraft:iron_boots":3,"minecraft:iron_axe":2,"minecraft:iron_hoe":3,"minecraft:stone_pickaxe":1,"minecraft:chest":1,"minecraft:cooked_beef":4,"minecraft:cooked_porkchop":3,"minecraft:crafting_table":1,"minecraft:iron_helmet":3,"minecraft:iron_sword":3,"minecraft:stone_axe":1,"minecraft:air":0,"minecraft:iron_chestplate":2,"minecraft:shield":2,"minecraft:stick":36,"minecraft:iron_ingot":23,"minecraft:iron_pickaxe":1,"minecraft:stone_sword":1,"minecraft:iron_leggings":2,"minecraft:torch":8},"minecraft:dropped":{"minecraft:bread":5,"minecraft:iron_ingot":6,"minecraft:iron_sword":3,"minecraft:wheat_seeds":18,"minecraft:glow_ink_sac":2,"minecraft:glass_bottle":4,"minecraft:iron_helmet":5,"minecraft:cobblestone":1,"minecraft:waxed_copper_grate":14,"minecraft:leather":11,"minecraft:stick":25,"minecraft:torch":37,"minecraft:waxed_weathered_copper_bulb":2,"minecraft:scrape_pottery_sherd":2,"minecraft:mutton":1,"minecraft:snowball":4,"minecraft:potion":1,"minecraft:iron_leggings":4,"minecraft:iron_pickaxe":1,"minecraft:string":2,"minecraft:white_wool":20,"minecraft:bone":49,"minecraft:stone_axe":5,"minecraft:cooked_chicken":1,"minecraft:stone_sword":5,"minecraft:cobbled_deepslate":65,"minecraft:tuff":62,"minecraft:oak_planks":45,"minecraft:iron_boots":3,"minecraft:iron_hoe":1,"minecraft:wind_charge":10,"minecraft:tipped_arrow":10,"minecraft:gunpowder":7,"minecraft:trial_key":3,"minecraft:waxed_cut_copper":1,"minecraft:iron_chestplate":7,"minecraft:spider_eye":1,"minecraft:slime_ball":25,"minecraft:arrow":48,"minecraft:stone_pickaxe":2,"minecraft:wooden_pickaxe":1,"minecraft:brick":16},"minecraft:picked_up":{"minecraft:iron_chestplate":9,"minecraft:crafting_table":10,"minecraft:ominous_bottle":5,"minecraft:chicken":9,"minecraft:wooden_pickaxe":2,"minecraft:enchanted_book":5,"minecraft:potion":11,"minecraft:brick":108,"minecraft:shield":9,"minecraft:wind_charge":77,"minecraft:string":6,"minecraft:iron_axe":2,"minecraft:iron_leggings":7,"minecraft:cobbled_deepslate":151,"minecraft:light_weighted_pressure_plate":1,"minecraft:beef":31,"minecraft:trial_key":16,"minecraft:oak_boat":6,"minecraft:redstone_torch":1,"minecraft:calcite":3,"minecraft:light_gray_wool":2,"minecraft:iron_pickaxe":2,"minecraft:waxed_oxidized_copper":1,"minecraft:iron_boots":3,"minecraft:furnace":9,"minecraft:tipped_arrow":49,"minecraft:stick":48,"minecraft:raw_iron":88,"minecraft:torch":142,"minecraft:porkchop":6,"minecraft:carrot":1,"minecraft:flow_pottery_sherd":1,"minecraft:waxed_weathered_copper_bulb":2,"minecraft:waxed_copper_grate":19,"minecraft:trident":4,"minecraft:music_disc_creator_music_box":2,"minecraft:diamond_chestplate":1,"minecraft:honey_bottle":9,"minecraft:stone_sword":12,"minecraft:arrow":167,"minecraft:rotten_flesh":156,"minecraft:decorated_pot":2,"minecraft:hay_block":22,"minecraft:waxed_cut_copper":1,"minecraft:tuff_bricks":5,"minecraft:mutton":23,"minecraft:snowball":4,"minecraft:white_wool":36,"minecraft:cobblestone":101,"minecraft:stripped_oak_log":4,"minecraft:feather":17,"minecraft:cooked_beef":11,"minecraft:glow_ink_sac":4,"minecraft:water_bucket":2,"minecraft:andesite":12,"minecraft:leather":11,"minecraft:tuff":93,"minecraft:waxed_copper_block":1,"minecraft:oak_log":16,"minecraft:lapis_lazuli":40,"minecraft:dirt":52,"minecraft:name_tag":1,"minecraft:leather_boots":4,"minecraft:cooked_mutton":9,"minecraft:bone":137,"minecraft:bow":4,"minecraft:wheat_seeds":29,"minecraft:iron_ingot":96,"minecraft:stone_pickaxe":14,"minecraft:cooked_chicken":6,"minecraft:glass_bottle":3,"minecraft:iron_sword":3,"minecraft:oak_planks":98,"minecraft:scrape_pottery_sherd":2,"minecraft:blast_furnace":7,"minecraft:white_bed":7,"minecraft:spider_eye":2,"minecraft:leather_helmet":4,"minecraft:iron_hoe":1,"minecraft:slime_ball":201,"minecraft:diamond":13,"minecraft:stone_axe":13,"minecraft:iron_helmet":4,"minecraft:granite":1,"minecraft:breeze_rod":28,"minecraft:golden_apple":3,"minecraft:emerald":26,"minecraft:bread":102,"minecraft:baked_potato":9,"minecraft:coal":282,"minecraft:ender_pearl":1},"minecraft:broken":{"minecraft:leather_helmet":1,"minecraft:iron_leggings":1,"minecraft:stone_pickaxe":1,"minecraft:iron_axe":1,"minecraft:stone_axe":1,"minecraft:iron_helmet":1,"minecraft:bow":1,"minecraft:iron_hoe":2},"minecraft:used":{"minecraft:tuff_bricks":5,"minecraft:trident":12,"minecraft:stone_sword":2,"minecraft:decorated_pot":2,"minecraft:chest":1,"minecraft:shield":81,"minecraft:iron_sword":192,"minecraft:cooked_chicken":5,"minecraft:rotten_flesh":5,"minecraft:trial_key":7,"minecraft:iron_chestplate":2,"minecraft:torch":29,"minecraft:dirt":12,"minecraft:carrot":1,"minecraft:waxed_copper_grate":2,"minecraft:granite":1,"minecraft:iron_hoe":664,"minecraft:waxed_oxidized_copper":1,"minecraft:iron_axe":184,"minecraft:light_weighted_pressure_plate":1,"minecraft:iron_helmet":1,"minecraft:iron_boots":1,"minecraft:light_gray_wool":1,"minecraft:bow":41,"minecraft:beef":1,"minecraft:ominous_bottle":1,"minecraft:furnace":4,"minecraft:cooked_beef":11,"minecraft:cobbled_deepslate":1,"minecraft:iron_leggings":1,"minecraft:cooked_mutton":7,"minecraft:water_bucket":18,"minecraft:stone_pickaxe":163,"minecraft:oak_planks":17,"minecraft:baked_potato":9,"minecraft:ender_pearl":1,"minecraft:leather_boots":1,"minecraft:golden_apple":1,"minecraft:white_wool":4,"minecraft:crafting_table":9,"minecraft:blast_furnace":2,"minecraft:white_bed":3,"minecraft:lingering_potion":1,"minecraft:cake":1,"minecraft:wind_charge":16,"minecraft:bread":55,"minecraft:iron_pickaxe":117,"minecraft:leather_helmet":1,"minecraft:stone_axe":98,"minecraft:potion":4,"minecraft:cobblestone":42,"minecraft:cooked_porkchop":3,"minecraft:bucket":18,"minecraft:andesite":1,"minecraft:oak_boat":1},"minecraft:mined":{"minecraft:waxed_cut_copper_slab":1,"minecraft:tuff":34,"minecraft:white_bed":4,"minecraft:sculk_vein":36,"minecraft:decorated_pot":15,"minecraft:chiseled_tuff_bricks":1,"minecraft:moss_block":2,"minecraft:tuff_bricks":6,"minecraft:hay_block":7,"minecraft:furnace":2,"minecraft:waxed_copper_grate":3,"minecraft:iron_ore":20,"minecraft:cobbled_deepslate":1,"minecraft:andesite":12,"minecraft:sculk_shrieker":3,"minecraft:deepslate_iron_ore":25,"minecraft:stripped_oak_log":4,"minecraft:stone":30,"minecraft:waxed_cut_copper":1,"minecraft:crafting_table":7,"minecraft:short_grass":9,"minecraft:blast_furnace":2,"minecraft:sculk_sensor":14,"minecraft:cobblestone":6,"minecraft:lapis_ore":6,"minecraft:oak_planks":2,"minecraft:sculk":619,"minecraft:wall_torch":1,"minecraft:waxed_copper_block":3,"minecraft:oak_log":10,"minecraft:coal_ore":24,"minecraft:waxed_oxidized_copper":2,"minecraft:oak_button":1,"minecraft:oak_leaves":5,"minecraft:deepslate":88},"minecraft:custom":{"minecraft:mob_kills":219,"minecraft:interact_with_crafting_table":30,"minecraft:open_barrel":6,"minecraft:eat_cake_slice":5,"minecraft:leave_game":4,"minecraft:time_since_death":6962,"minecraft:climb_one_cm":16045,"minecraft:sprint_one_cm":686038,"minecraft:walk_one_cm":564264,"minecraft:damage_blocked_by_shield":2454,"minecraft:drop":107,"minecraft:talked_to_villager":1,"minecraft:play_time":195595,"minecraft:deaths":12,"minecraft:sneak_time":8520,"minecraft:walk_under_water_one_cm":13120,"minecraft:boat_one_cm":21997,"minecraft:jump":3259,"minecraft:interact_with_blast_furnace":14,"minecraft:walk_on_water_one_cm":22712,"minecraft:total_world_time":195595,"minecraft:interact_with_furnace":21,"minecraft:sleep_in_bed":4,"minecraft:time_since_rest":6990,"minecraft:damage_taken":8828,"minecraft:damage_absorbed":40,"minecraft:damage_dealt":24542,"minecraft:player_kills":2,"minecraft:swim_one_cm":29081,"minecraft:fly_one_cm":510858,"minecraft:open_chest":20,"minecraft:crouch_one_cm":21188,"minecraft:fall_one_cm":90887,"minecraft:inspect_dispenser":25},"minecraft:killed_by":{"minecraft:husk":1,"minecraft:player":5,"minecraft:drowned":2,"minecraft:skeleton":1,"minecraft:zombie":1},"minecraft:killed":{"minecraft:slime":86,"minecraft:skeleton":5,"minecraft:chicken":1,"minecraft:drowned":8,"minecraft:husk":42,"minecraft:iron_golem":1,"minecraft:bat":2,"minecraft:sheep":10,"minecraft:zombie":6,"minecraft:stray":37,"minecraft:breeze":10,"minecraft:cow":6}},"DataVersion":3953}